{
    "commit": "f43a5470128a1f94210dace36244503148c1f42f",
    "start_epoch": 1765863996.17824,
    "end_epoch": 1765864341.722503,
    "elapsed_seconds": 345.544263,
    "model": "deepseek-chat",
    "input_cost_per_token": 0.0,
    "output_cost_per_token": 0.0,
    "total_input_tokens": 72719,
    "total_output_tokens": 17084,
    "total_tokens": 89803,
    "total_cost": 0.0
}